,Latitude,Longitude,cord
0,29.7589382,-95.3676974,Houston
1,35.8179143,-79.8030873,Randleman
2,37.1716264,-119.7737991,Madera
3,32.753177,-97.3327459,Fort Worth
4,32.7931661,-94.344488,Marion
5,33.7489924,-84.3902644,Atlanta
6,38.783855,-90.481677,Saint Charles
7,39.1014537,-84.5124602,Cincinnati
8,30.3321838,-81.655651,Jacksonville
9,39.9805509,-94.5944045,Union Star
10,36.1622767,-86.7742984,Nashville
11,34.7465071,-92.2896267,Little Rock
12,26.8200607,-80.6653351,Pahokee
13,32.4707862,-93.7559378,Shreveport
14,35.1460249,-90.0517638,Memphis
15,32.9635006,-81.3400056,Allendale
16,32.3086744,-90.1983063,Jackson
17,41.2222218,-73.0570603,Milford
18,31.098207,-97.3427847,Temple
19,27.9484265,-82.23621545220522,Valrico
20,35.2272086,-80.8430827,Charlotte
21,25.4718946,-80.4759905,Homestead
22,38.7919683,-90.3227803,Florissant
23,36.7295295,-119.70886126075588,Fresno
24,38.7521235,-121.2880059,Roseville
25,32.0790074,-81.0921335,Savannah
26,30.4494155,-91.1869659,Baton Rouge
27,52.4796992,-1.9026911,Birmingham
28,36.1563122,-95.9927516,Tulsa
29,37.7790262,-122.419906,San Francisco
30,38.6280278,-90.1910154,Saint Louis
31,33.456207,-102.489357,Sundown
32,36.0600602,-86.6722192,Antioch
33,35.5283506,-108.743907,Gallup
34,42.3315509,-83.0466403,Detroit
35,29.7857853,-95.8243956,Katy
36,41.4086874,-75.6621294,Scranton
37,34.089803,-88.6223964,Nettleton
38,37.6922361,-97.3375448,Wichita
39,38.2542376,-85.759407,Louisville
40,38.1069515,-103.5102184,Cheraw
41,33.8750629,35.843409,Lebanon
42,39.100105,-94.5781416,Kansas City
43,29.9759983,-90.0782127,New Orleans
44,42.6389216,-83.2910468,Pontiac
45,39.9622601,-83.0007065,Columbus
46,27.4467056,-80.3256056,Fort Pierce
47,39.2908816,-76.610759,Baltimore
48,30.6867339,-88.0848929,Mobile
49,39.9527237,-75.1635262,Philadelphia
50,40.2663107,-76.8861122,Harrisburg
51,25.7741728,-80.19362,Miami
52,39.8560679,-4.0239568,Toledo
53,41.4996574,-81.6936772,Cleveland
54,41.764582,-72.6908547,Hartford
55,42.9632405,-85.6678639,Grand Rapids
56,43.2560802,-79.8728583,Hamilton
57,32.7762719,-96.7968559,Dallas
58,33.9405897,-118.2428984,Los Angeles (Watts)
59,37.6390972,-120.9968782,Modesto
60,33.6383552,-95.582343,Lamar
61,36.2005843,-115.121584,North Las Vegas
62,37.8709542,-96.2471338,Greenwood
63,39.957373950000004,26.238017461011644,Troy
64,35.8272257,-90.6949871,Jonesboro
65,47.7333383,-94.548233,Blackduck
66,40.1856597,-75.451571,Collegeville
67,41.9195837,-99.979237,Blaine
68,30.2751945,-89.7811745,Slidell
69,34.769536,-92.2670941,North Little Rock
70,36.724481,-84.47343389023162,Whitley City
71,39.9448402,-75.1198911,Camden
72,43.0349931,-87.922497,Milwaukee
73,39.763823450000004,-84.3463188441966,Dayton (Trotwood)
74,41.1035786,-80.6520161,Youngstown
75,38.5896187,-89.420064,Clinton
76,33.3140311,-82.0967857,Hephzibah
77,32.4640245,-86.4596966,Prattville
78,44.7748748,-117.834384,Baker City
79,33.4933796,-112.358124,Litchfield Park
80,36.4453369,-85.6719207,Whitleyville
81,37.8044557,-122.271356,Oakland
82,32.3669656,-86.3006485,Montgomery
83,40.7215682,-74.047455,Jersey City
84,27.2939333,-80.3503283,Port Saint Lucie
85,34.7351615,-79.3489317,Maxton
86,37.9747645,-87.5558483,Evansville
87,29.18161,-95.4993375,Brazoria
88,26.5256179,-80.0666026,Boynton Beach
89,32.9021377,-80.6672631,Walterboro
90,40.7545006,-86.3567356,Logansport
91,36.1672559,-115.148516,Las Vegas
92,40.851039,-73.84025027765061,Bronx
93,38.8339578,-104.825348,Colorado Springs
94,27.9477595,-82.458444,Tampa
95,49.5344534,-1.529802,Saint Joseph
96,34.0553813,-117.7517496,Pomona
97,32.7884363,-79.9399309,Charleston
98,37.5385087,-77.43428,Richmond
99,40.9999202,-80.3471856,New Castle
100,38.5358851,-90.1737222,East Saint Louis (Cahokia)
101,47.081293,-122.05022714564826,Carbonado
102,36.1000934,-80.2466882503339,Winston Salem (Winston-salem)
103,34.0536909,-118.242766,Los Angeles
104,35.0457219,-85.3094883,Chattanooga
105,43.0161693,-83.6900211,Flint
106,37.5527518,-77.32503610889233,Henrico (Highland Springs)
107,38.9555508,-94.4658557,Kansas City (Raytown)
108,34.449722,-83.099593,Lavonia (Gumlog)
109,41.8755616,-87.6244212,Chicago
110,39.24629755,-84.51356893902641,Cincinnati (Mount Healthy)
111,44.9772995,-93.2654692,Minneapolis
112,32.5973857,-82.3337376,Swainsboro
113,37.9577016,-121.2907796,Stockton
114,41.4828144,-87.3328139,Merrillville
115,4.099917,-72.9088133,Columbia
116,38.8950368,-77.0365427,Washington
117,33.4484367,-112.074141,Phoenix
118,32.051377,-94.7906553,Rusk
119,32.7276779,-79.9556455,Charleston (James Island)
120,34.2157064,-92.0140402,Pine Bluff
121,41.8179303,-88.174097,Warrenville
122,40.3697905,-80.6339638,Steubenville
123,38.99647935,-94.68862895117766,Shawnee (Merriam)
124,32.182598,-95.7893178,Henderson
125,39.3703778,-78.0955563,Gerrardstown
126,43.0481221,-76.1474244,Syracuse
127,29.9413467,-90.0375901,New Orleans (Algiers)
128,34.729847,-86.5859011,Huntsville
129,40.8682487,-88.5631125,Livingston
130,38.9997621,-77.02403709829767,Silver Spring
131,35.996653,-78.9018053,Durham
132,36.0726355,-79.7919754,Greensboro
133,38.5810606,-121.493895,Sacramento
134,38.6133731,-90.14629,East Saint Louis
135,27.4989278,-82.5748194,Bradenton
136,51.753051,-0.3379675,Saint Albans
137,40.1769782,-92.6161167,Adair (county)
138,32.2735792,-90.127881,Pearl
139,39.909726,-100.785153,Herndon
140,37.0525453,-86.2077608,Smiths Grove
141,41.6020962,-87.3370647,Gary
142,29.4246002,-98.4951405,San Antonio
143,36.9448133,-83.1176693,Totz
144,51.7520131,-1.2578499,Oxford
145,39.24666965,-76.65310059150586,Halethorpe (Lansdowne)
146,39.8454163,-88.9524151,Decatur
147,41.1253903,-87.848682,Kankakee
148,43.074761,-89.3837613,Madison
149,31.4649685,-100.4405094,San Angelo
150,37.4645557,-81.813726,Iaeger
151,44.0581728,-121.3153096,Bend
152,30.4943669,-92.4176324,Eunice
153,41.6096559,-93.7754644,Clive
154,32.5184775,-92.1476353,West Monroe
155,38.0464066,-84.4970393,Lexington
156,53.4794892,-2.2451148,Manchester
157,32.4284761,-90.1323087,Ridgeland
158,40.1003507,-79.5869835,Scottdale
159,34.7438754,-117.324492,Helendale
160,50.2144406,3.9615305,Beaufort
161,38.9582307,-122.626372,Clearlake
162,36.3828571,-84.1199251,La Follette (LaFollette)
163,39.7459468,-75.546589,Wilmington
164,40.7401299,-88.8847277,Mc Lean (Mclean)
165,31.3271189,-89.2903392,Hattiesburg
166,41.7639181,-88.5470219,Big Rock
167,51.745424,-2.2198605,Stroud
168,42.8867166,-78.8783922,Buffalo
169,39.0983482,-93.640771,Corder
170,37.9230723,-99.4098385,Kinsley
171,40.7469593,-73.8601456,Corona (Queens)
172,37.9839412,23.7283052,Athens
173,61.2163129,-149.894852,Anchorage
174,40.8012894,-72.8675941,Shirley
175,41.5623178,-72.6509061,Middletown
176,39.7683331,-86.1583502,Indianapolis
177,25.9420377,-80.2456045,Miami Gardens
178,47.0538,5.87948,Samson
179,34.15486,-117.34757115657216,San Bernardino (Muscoy)
180,39.6296809,-79.9559437,Morgantown
181,26.4614625,-80.0728201,Delray Beach
182,38.7566055,-90.42352,Bridgeton
183,28.553888,-81.4491744,Orlando (Pine Hills)
184,32.5156971,-95.4093998,Lindale
185,34.851354,-82.3984882,Greenville
186,44.9391565,-123.033121,Salem
187,33.7537774,-79.4475566,Hemingway
188,32.8406946,-83.6324022,Macon
189,41.083064,-81.518485,Akron
190,37.0300969,-76.3452057,Hampton
191,33.5714311,-102.3110415,Hockley
192,42.8142432,-73.9395687,Schenectady
193,42.4393707,-123.3272489,Grants Pass
194,41.5910323,-93.6046655,Des Moines
195,33.4709714,-81.9748429,Augusta
196,33.6956461,-78.8900409,Myrtle Beach
197,41.420034,-87.7417115,Monee
198,36.9775016,-76.42977,Newport News
199,46.8739081,-96.7538674,Moorhead
200,31.7819242,-95.6258199,Anderson
201,29.9427892,-89.9629372,Chalmette
202,42.2713945,-89.093966,Rockford
203,40.735657,-74.1723667,Newark
204,30.625503000000002,-89.14462979367059,Saucier
205,37.2508838,-92.5104447,Hartville
206,-34.9206797,-57.9537638,La Plata
207,39.0924792,-94.4137923,Independence
208,34.6183433,-79.0083993,Lumberton
209,32.5232053,-92.637927,Ruston
210,36.9289518,-93.9277149,Monett
211,32.6200973,-83.606568,Warner Robins
212,38.4404925,-122.7141049,Santa Rosa
213,44.985624,-92.9645794,Oakdale
214,30.5601953,-91.9540055,Port Barre
215,42.7337712,-84.5553805,Lansing
216,39.1670396,-86.5342881,Bloomington
217,42.3554334,-71.060511,Boston
218,32.5007031,-94.74049,Longview
219,51.5004439,-0.1265398,Westminster
220,29.3080254,-96.0074564,Wharton (Burr)
221,28.5421109,-81.3790304,Orlando
222,41.0787079,-73.4692873,Darien
223,39.83986,-86.0288823,Indianapolis (Lawrence)
224,28.3201553,-80.736647,Rockledge
225,53.9921491,-1.5391039,Harrogate
226,39.6733203,-94.794829,Buchanan
227,32.4709519,-100.405938,Sweetwater
228,45.8731634,-91.1468287,Sawyer
229,35.2072185,-101.833824,Amarillo
230,37.9373548,-79.2328102,Raphine
231,37.693952,-85.8591285,Elizabethtown
232,31.5790667,-90.4407122,Brookhaven
233,39.7589478,-84.1916069,Dayton
234,41.506424,-87.5917092,Chicago Heights (Ford Heights)
235,35.0717945,-81.6498195,Gaffney
236,34.0718195,-78.1914215,Brunswick
237,30.5335302,-92.081509,Opelousas
238,34.1348782,-79.9397885,Timmonsville
239,27.5236998,-99.497352,Laredo
240,41.6833813,-86.2500066,South Bend
241,49.3622169,6.1717729,La Place (Laplace)
242,38.4224548,27.1310699,Smyrna
243,33.2095614,-87.5675258,Tuscaloosa
244,29.7957633,-90.822871,Thibodaux
245,40.6822243,-112.0267177,Salt Lake City (West Valley City)
246,35.5848596,-80.8100724,Mooresville
247,38.86327445,-82.85753624578128,Minford
248,41.206668,-91.2683976,Louisa
249,37.270973,-79.9414313,Roanoke
250,42.2729262,-83.1352891,River Rouge
251,25.495997000000003,-80.4342540555625,Homestead (Florida City)
252,33.1828974,-97.2872403,Ponder
253,44.993049049999996,-93.27308605947883,Minneapolis (Plymouth)
254,32.9029017,-96.56388,Rowlett
255,41.6397857,-87.4548466,East Chicago
256,47.9078244,-97.0592028,Grand Forks
257,29.1589961,-98.1251465,Wilson
258,53.9590555,-1.0815361,York
259,33.1580933,-117.3505966,Carlsbad
260,34.1469416,-118.2478471,Glendale
261,39.050746,-96.24433,Mc Farland (Mcfarland)
262,41.5263603,-88.0840212,Joliet
263,41.239223,-81.345941,Streetsboro
264,29.1871986,-82.1400923,Ocala
265,32.7481864,-98.0092093,Millsap
266,33.894927,-118.226624,Compton
267,36.9647458,-89.0893387,Wickliffe
268,35.6009498,-82.5540161,Asheville
269,41.0799898,-85.1386015,Fort Wayne
270,33.81534335,-118.39047031225559,Hollywood (Miramar)
271,33.0186699,-80.1762704,Summerville
272,38.9742502,-94.6851702,Overland Park
273,35.4515504,-77.6810859,Snow Hill
274,32.7174202,-117.1627728,San Diego
275,35.7803977,-78.6390989,Raleigh
276,33.9204504,-78.9578973,Horry (county)
277,39.36909865,-76.79584212721417,Randallstown
278,71.2905556,-156.788611,Barrow (Utqiagvik)
279,38.9957749,-85.6359201,Jennings
280,44.4761601,-73.212906,Burlington
281,53.7435722,-0.3394758,Hull
282,41.8119602,-79.2654452,Warren
283,36.6915262,-79.8725386,Martinsville
284,33.4198886,-94.4479626,Bowie
285,37.08114525,22.42486178272022,Sparta
286,39.4562528,-77.9639604,Martinsburg
287,38.0171441,-122.2885808,Hercules
288,33.3267128,-83.388485,Eatonton
289,32.250398,-101.4787356,Big Spring
290,40.6526006,-73.9497211,Brooklyn
291,47.0979462,-122.4243422,Spanaway
292,32.8042966,-91.170109,Lake Providence
293,37.3034933,-89.5230357,Cape Girardeau
294,36.6467816,-92.4575198,Ozark
295,36.0625843,-94.1574328,Fayetteville
296,32.4078632,-87.0207473,Selma
297,38.9719384,-95.2359496,Lawrence
298,33.7123305,-84.1051939,Lithonia
299,34.1652304,-84.7997613,Cartersville
300,30.234925,-92.2684617,Rayne
301,41.2640523,-92.2491537,Hayesville
302,37.02328,-107.42349232352942,Arboles
303,34.7740495,-79.4628248,Laurinburg
304,32.9573449,-95.2902224,Winnsboro
305,29.6519684,-82.3249846,Gainesville
306,43.1268715,0.3513345,Lagrange
307,34.3076252,-118.4492148,Sylmar
308,40.2203907,-74.0120817,Asbury Park
309,34.5041714,-98.2214239,Hulen
310,43.5944677,-83.8888648,Bay City
311,40.6849851,-92.6772505,Moulton
312,32.8546197,-79.9748103,North Charleston
313,25.9140277,-97.4890879,Brownsville
314,38.3397205,-90.40674247584822,Barnhart
315,33.3967079,-86.1597137,Talladega
316,37.5111596,-94.8380215,Girard
317,32.397251350000005,-96.16790108665323,Mabank
318,34.4014089,-79.3864339,Dillon
319,28.6689748,-82.076402,Sumter
320,36.7568327,-90.3957115,Poplar Bluff
321,39.1698022,-119.7575628,Carson City
322,29.396013,-94.9175485,Texas City
323,30.7743596,-85.2268735,Marianna
324,39.0187651,-94.1976452,Grain Valley
325,40.4556825,-109.528474,Vernal
326,32.2021071,-83.9085132,Byromville
327,41.4673238,-82.1781904,Lorain
328,40.4523494,-79.8988438,Pittsburgh (Homewood)
329,32.050618,-84.5473105,Webster
330,39.7990175,-89.6439575,Springfield
331,29.675568,-82.3640109,Alachua
332,32.4375833,-92.0911988,Monroe (Richwood)
333,35.7826363,-80.8872959,Statesville
334,29.299328,-94.7945882,Galveston
335,34.010929,-85.9989596,Gadsden
336,34.3916641,-118.542586,Santa Clarita
337,33.9866807,-118.185349,Maywood
338,40.6548566,-76.1007318,Orwigsburg
339,33.4017766,-86.954437,Bessemer
340,32.0287769,-94.3710335,Gary (Gary City)
341,30.0443879,31.2357257,Cairo
342,32.1840315,-86.5802533,Hayneville
343,43.1301133,-77.4759588,Penfield
344,38.7296252,-120.798546,Placerville
345,49.2206407,1.0116837,Mandeville
346,41.5824086,-85.834366,Goshen
347,40.5834557,-74.1496048,Staten Island
348,31.3219212,-97.2390509,Bruceville (Bruceville Eddy)
349,32.2228765,-110.9748477,Tucson
350,40.9312099,-73.8987469,Yonkers
351,33.9533546,-117.3961623,Riverside
352,32.9359886,-82.8115273,Tennille
353,37.082981,-83.3750732,Leslie
354,30.2711286,-97.7436995,Austin
355,40.7681926,-73.5238207,Hicksville
356,48.4048867,2.7207225,Avon
357,26.2159066,-98.3252932,Mission
358,37.176059949999996,-3.5881102773279347,Alhambra
359,32.6098566,-85.4807825,Auburn
360,30.4007626,-88.8893818,Biloxi
361,34.0159398,-118.111975,Montebello
362,49.3780921,2.4141907,Kalama
363,55.9533456,-3.1883749,Edinburg
364,31.5869828,-106.266011,San Elizario
365,47.1057471,-120.5849305,Kittitas
366,31.9973662,-102.077948,Midland
367,36.533767,-82.33343531171823,Blountville
368,37.3024713,-78.3923813,Farmville
369,40.7474784,-92.3965311,Davis
370,40.2981599,-111.6944313,Orem
371,37.3361663,-121.890591,San Jose
372,29.3685674,-94.9713134,La Marque
373,38.4912207,-77.9618216,Culpeper
374,50.3712659,-4.1425658,Plymouth
375,40.121497,-75.3399048,Norristown
376,37.1162505,-107.63395275620002,Ignacio
377,33.9278514,-84.2407601,Atlanta (Doraville)
378,39.049011,-95.677556,Topeka
379,47.6571934,-117.42351,Spokane
380,51.6281547,-0.123596,Southgate
381,30.0860459,-94.1018461,Beaumont
382,46.4843023,30.7322878,Odessa
383,26.715364,-80.0532942,West Palm Beach
384,34.2006552,-118.536528,Reseda
385,41.7571701,-88.3147539,Aurora
386,43.157285,-77.615214,Rochester
387,35.3738712,-119.0194639,Bakersfield
388,45.5202471,-122.674194,Portland
389,30.4115881,-88.5344601,Moss Point
390,26.1702082,-98.0522376,Donna
391,30.7387998,-88.0788889,Mobile (Prichard)
392,32.7678288,-117.0230839,La Mesa
393,33.2002659,-95.2231752,Franklin
394,45.1363343,-94.7810199,Atwater
395,38.2770227,-85.7371604,Jeffersonville
396,40.6938609,-89.5891008,Peoria
397,38.2083483,-85.6587646,Bon Air
398,43.8020626,-83.0004744,Bad Axe
399,40.7596198,-111.886797,Salt Lake City
400,36.3548586,-79.6644748,Reidsville
401,43.2341813,-86.2483921,Muskegon
402,43.1121115,-91.6764623,Castalia
403,40.9864261,-75.1946649,Stroudsburg
404,39.8208998,-84.0193858,Fairborn
405,40.266429,-96.747369,Beatrice
406,42.1167065,-86.4541894,Benton Harbor
407,33.44667445,-94.07714830522015,Texarkana
408,39.4409277,-78.9739156,Keyser
409,34.09751,-117.6483876,Upland
410,42.451377,-83.659179,South Lyon
411,26.2211936,-80.1331003,Pompano Beach (North Lauderdale)
412,39.7881233,-86.2407144,Speedway
413,30.8471283,-90.153141,Franklinton
414,45.3011519,-72.3152965,Eastman
415,43.4818472,-111.9817852,Idaho Falls (Ammon)
416,43.5488256,-96.7307737,Sioux Falls
417,43.6008183,-116.24210864118032,Boise
418,37.0833893,-88.6000478,Paducah
419,34.8256204,-87.2945325,Rogersville
420,40.4416941,-79.9900861,Pittsburg
421,27.9566843,-97.9369447,Orange Grove
422,33.2000368,-117.2425355,Vista
423,26.0616304,-80.1656848,Fort Lauderdale (Dania Beach)
424,46.7729322,-92.1251218,Duluth
425,38.0288806,-86.9976446,Spencer
426,57.5066357,-5.0038367,Highland
427,34.8253019,-116.0833144,San Bernardino
428,45.0536135,-93.23400757236823,Minneapolis (Columbia Heights)
429,28.6122187,-80.8075538,Titusville
430,38.7403281,-90.2265001,Saint Louis (Bellefontaine Neighbors)
431,30.421309,-87.2169149,Pensacola
432,40.1303822,-75.5149128,Phoenixville
433,38.7011626,-90.3623381,Saint Louis (Overland)
434,42.4250964,-71.066163,Malden
435,41.7809588,-71.4371257,Cranston
436,31.2437872,-90.4531536,Mccomb
437,32.555664,-95.8640507,Canton
438,33.2115087,-92.6650144,El Dorado
439,30.0031884,-92.2860146,Kaplan
440,51.5073359,-0.12765,London
441,33.7475203,-116.9719684,Hemet
442,41.4990844,-90.31793495354934,Cleveland (Cleveland Heights)
443,36.0885321,-115.037213,Whitney
444,34.8723179,-89.6906396,Byhalia
445,41.2587459,-95.9383758,Omaha
446,45.423557,-91.8454099,Barron
447,43.2055521,-77.69339633877158,Rochester (Greece)
448,42.291707,-85.5872286,Kalamazoo
449,39.7392364,-104.984862,Denver
450,34.4263886,-117.3008784,Hesperia
451,46.7217279,-92.4613669,Cloquet
452,40.1164841,-88.2430932,Champaign
453,42.0834335,-71.0183787,Brockton
454,37.4137536,-79.1422464,Lynchburg
455,42.2071434,-72.60765,Holyoke
456,32.5973857,-82.3337376,Swainsboro (Dellwood)
457,44.8277446,-92.9438218,Cottage Grove
458,38.8139804,-76.7575894,Upper Marlboro
459,28.01633,-82.1234803,Plant City
460,46.730958,-120.699516,Naches
461,21.4055,-157.7960716072044,Kaneohe
462,38.7135498,-77.795367,Warrenton
463,46.35270835,4.577608667704116,Brandon
464,39.7085736,-105.0846694,Lakewood
465,32.3643098,-88.703656,Meridian
466,29.8835055,-90.11844862641495,Marrero
467,36.4195491,-82.3040262,Piney Flats
468,48.8534951,2.3483915,Paris
469,42.4733689,-83.2218731,Southfield
470,52.5135785,-3.314371,Newtown
471,39.0836224,-84.508371,Covington
472,32.9790425,-82.6079095,Davisboro
473,33.9412127,-84.2135309,Norcross
474,29.550098,-98.37945,San Antonio (Live Oak)
475,41.616016,-87.5295837,Calumet City
476,33.3062031,-111.8411851,Chandler
477,39.385227,-76.70804563060791,Pikesville
478,43.104228,-77.884454,Churchville
479,34.0980031,-118.329523,Hollywood
480,45.7874957,-108.49607,Billings
481,38.029306,-78.4766781,Charlottesville
482,41.1670412,-73.2048348,Bridgeport
483,38.190722699999995,-85.55536499537197,Louisville (Jeffersontown)
484,34.5623077,-85.8124715,Sylvania
485,43.4887907,-112.03628,Idaho Falls
486,38.3394806,-103.8263042,Crowley
487,42.498275,-92.3328743,Waterloo
488,35.9603948,-83.9210261,Knoxville
489,46.4195913,-117.0216144,Lewiston
490,29.8988618,-93.9288723,Port Arthur
491,46.5644311,-100.0909421,Braddock
492,35.7079146,-79.8136446,Asheboro
493,31.1171441,-97.727796,Killeen
494,35.9423833,-77.7956949,Rocky Mount
495,33.7500378,-117.8704931,Orange
496,38.9778882,-77.0074765,Takoma Park
497,45.7319605,10.3896484,Molino
498,45.0430227,-121.2154207,Wasco
499,32.831563,-96.80077329849314,Highland Park
500,30.0798826,-95.4172549,Spring
501,33.560832,-117.2106564,Murrieta
502,38.965365000000006,-76.84179265424164,Lanham
503,33.1474257,-101.812592,Lynn
504,47.1284494,-117.242908,Oakesdale
505,52.666667,1.0,Norfolk
506,38.5399754,-82.7283275,Raceland
507,40.8428759,-73.2928943,Commack
508,31.4714828,-110.9764769,Rio Rico
509,37.6581725,-81.0956508,Cool Ridge
510,34.51802,-93.0529422,Hot Springs National Park (Hot Springs)
511,33.1838787,-97.1413417,Denton
512,38.2722313,-90.1792484,Monroe
513,41.1990446,-111.9724473,Ogden (Riverdale)
514,47.4785418,-94.8907869,Bemidji
515,41.9968696,-91.8619127,Atkins
516,32.4709761,-85.0007653,Phenix City
517,51.1251275,1.3134228,Dover
518,41.9281305,-72.643631,Windsor Locks
519,38.7877405,-90.2150513,Saint Louis (Spanish Lake)
520,50.533333,-103.666667,Indian Head
521,30.1654707,-81.7016346,Orange Park
522,38.97776585,-76.31893928440874,Stevensville
523,48.1465457,-103.621814,Williston
524,30.3118769,-95.4560512,Conroe
525,36.3274502,-119.6456844,Hanford
526,40.5863563,-122.391675,Redding
527,29.2108147,-81.0228331,Daytona Beach
528,34.0562812,-78.8903044,Loris
529,38.635359,-90.23184326838913,Saint Louis (University City)
530,35.0841034,-106.650985,Albuquerque
531,42.5876342,-72.6002068,Greenfield
532,43.4200387,-83.9490365,Saginaw
533,33.937517,-117.2305944,Moreno Valley
534,34.5361067,-117.2911565,Victorville
535,37.81623435,-121.22178815385232,Manteca
536,34.8884971,-79.0722541,Lumber Bridge
537,40.924271,-98.338685,Grand Island
538,41.7195109,-84.2173964,Morenci
539,26.6091509,-81.652407,Lehigh Acres
540,28.0394654,-81.9498042,Lakeland
541,41.2753164,-86.6457565,Starke
542,39.6430455,-77.7191081,Hagerstown
543,41.5538091,-73.0438362,Waterbury
544,26.1223084,-80.1433786,Fort Lauderdale
545,25.8900949,-80.1867138,Miami (North Miami)
546,46.173849,-95.915609,Dalton
547,27.9946969,-80.6366144,Palm Bay
548,44.0806041,-103.2280239,Rapid City
549,45.6754622,6.3925417,Albertville
550,43.7698712,11.2555757,Florence
551,30.3054847,-97.3864472,Bastrop (Perryville)
552,36.2516475,-118.852583,Tulare
553,37.3681764,-80.8642459,Glen Lyn
554,41.4197915,-81.8238184,Brookpark (Brook Park)
555,41.000028,19.9999619,Albany
556,40.4110465,-79.9793123,Pittsburgh (Mount Oliver)
557,40.4852783,-78.7248434,Ebensburg
558,40.4864444,-86.1336351,Kokomo
559,32.9537349,-96.8902816,Carrollton
560,37.7742152,-87.1133304,Owensboro
561,37.3893889,-122.0832101,Mountain View
562,42.2942045,-83.3099303,Inkster
563,44.9497487,-93.0931028,Saint Paul
564,40.7259621,-73.5144766,Levittown
565,33.9708782,-118.030839,Whittier
566,44.4304893,-71.6536936,Whitefield (Dalton)
567,42.0602077,-91.4433793,Springville
568,52.2319581,21.0067249,Warsaw
569,6.328034,-10.797788,Monrovia
570,27.5214269,-82.5723193,Palmetto
571,33.5723191,-81.6182086,Aiken
572,47.4234599,-120.310349,Wenatchee
573,29.9899926,-90.1505426,Metairie
574,32.4146577,-82.0930776,Candler
575,43.1009031,-75.2326641,Utica
576,33.8062166,-84.1457505,Stone Mountain
577,0.19541795,-176.47793588059142,Baker
578,43.1700264,-107.568534,Wyoming
579,41.9758872,-91.6704053,Cedar Rapids
580,32.7355816,-97.1071186,Arlington
581,36.8657651,-87.4889532,Hopkinsville
582,52.2609997,-7.1119081,Waterford
583,38.68172335,-77.30200947318156,Woodbridge (Lake Ridge)
584,37.7781702,-81.1881557,Beckley
585,50.8036831,-1.075614,Portsmouth
586,35.6630196,-95.3927706,Muskogee
587,49.2608724,-123.113952,Vancouver
588,29.6480061,-97.8279576,Guadalupe
589,40.7587979,-73.9623427,New York (Manhattan)
590,-36.85445635,174.7683314012681,Saint Pauls
591,41.6174123,-94.0185176,Adel
592,33.8347516,-117.911732,Anaheim
593,33.5634402,-101.8792389,Lubbock
594,26.5806024,-80.05125,Lake Worth (Lantana)
595,41.5833658,-87.500043,Hammond
596,40.9167654,-74.171811,Paterson
597,30.4935229,-91.1403842,North Highlands
598,38.8051095,-77.0470229,Alexandria
599,33.6949319,-93.6929825,Hempstead
600,32.9857275,-80.1098123,Ladson
601,31.5970503,-94.5927451,Nacogdoches
602,52.15083905,-0.47550779625439576,Bedford (Bedford Heights)
603,34.9498007,-81.9320157,Spartanburg
604,30.4057552,-86.618842,Fort Walton Beach
605,27.7703796,-82.6695085,Saint Petersburg
606,25.8195424,-80.3553302,Miami (Doral)
607,35.2622654,-81.1838186,Gastonia
608,37.5780995,-105.7890452,Alamosa
609,38.719184,-90.2611199,Saint Louis (Jennings)
610,44.4478474,-92.2678663,Lake City
611,30.0856736,-94.7856262,Liberty (county)
612,34.7851861,-84.7352262,Murray
613,34.9704419,-78.9453056,Hope Mills
614,36.1623886,-85.4997057,Cookeville
615,40.03813,-76.3056686,Lancaster
616,37.1895318,-84.1177098,East Bernstadt
617,32.8048507,-97.44502,Lake Worth
618,52.4792083,-2.256466,Enville
619,35.7234734,-79.4622431,Siler City
620,34.5019651,-84.8986308,Gordon
621,38.6914606,-84.3689142,Pendleton
622,33.4151005,-111.831455,Mesa
623,38.7761446,-90.3715909,Hazelwood
624,28.6619154,-81.3885899,Altamonte Springs
625,31.3386242,-94.7288558,Lufkin
626,27.7635302,-97.4033191,Corpus Christi
627,29.9988312,-95.2621553,Humble
628,43.9705262,-89.816793,Friendship
629,36.7413624,-88.6352595,Mayfield
630,42.1864809,-98.0716943,Antelope
631,30.0035365,-91.8187285,New Iberia
632,33.9381923,-118.3482712,Inglewood (Lennox)
633,36.9486986,-84.0968761,Corbin
634,44.0308542,-84.4675116,Wagarville
635,40.4872625,-85.6130311,Gas City
636,29.9892816,-97.877174,Kyle
637,32.3140354,-106.779807,Las Cruces
638,38.3386591,-87.3450132,Oakland City
639,42.2888675,-93.7960553,Stanhope
640,38.4375391,-108.2403855,Montrose
641,46.5927425,-112.036277,Helena
642,54.31536155,-1.9180234948012402,Albion
643,37.496904,-122.3330573,San Mateo
644,39.7886111,-82.6418883,Fairfield
645,35.4729886,-97.5170536,Oklahoma City
646,30.155216,-95.2113221,New Caney
647,41.6012796,-85.8590603,Elkhart
648,34.4436167,-116.9455239,Lucerne Valley
649,38.7145481,-94.4611204,Peculiar
650,-29.6860512,-53.8069214,Santa Maria
651,36.7281652,-91.8525756,West Plains
652,40.4233142,-104.7091322,Greeley
653,41.1175966,-73.4078968,Norwalk
654,35.9910962,-106.0808358,Espanola
655,28.0569975,-82.280569614401,Thonotosassa
656,27.3923408,-80.8873655,Okeechobee
657,38.9529442,-76.9408647,Hyattsville
658,29.834772,-94.1704496,Jefferson
659,19.7073734,-155.08158,Hilo
660,43.5737361,-116.559631,Nampa
661,32.5357073,-93.4110049,Doyline
662,35.8667112,-83.5620518,Sevierville
663,40.0455918,-86.0085955,Noblesville
664,29.7028266,-98.1257348,New Braunfels
665,44.811349,-91.4984941,Eau Claire
666,41.4278437,-81.6146081,Cleveland (Garfield Heights)
667,51.456659,-0.9696512,Reading
668,34.2273712,-80.6892487,Lugoff
669,31.5604076,-91.403171,Natchez
670,34.1476452,-118.1444779,Pasadena
671,41.5165588,-94.2282377,Dexter
672,41.4136501,-90.5688924,Oak Grove
673,17.9712148,-76.7928128,Kingston
674,51.3471927,-2.9778916,Weston
675,33.9463456,-118.200981,South Gate
676,48.8437412,2.219344,Saint Cloud
677,38.2544472,-104.609141,Pueblo
678,42.1911969,-74.9946083,Hamden
679,33.7690164,-118.191604,Long Beach
680,43.207178,-71.537476,Concord
681,39.217549149999996,-84.54982692332038,Cincinnati (North College Hill)
682,34.4362013,-84.6999346,Fairmount
683,32.9481789,-96.7297206,Richardson
684,40.7456065,-96.62903065517717,Lees Summit
685,38.7042119,-91.4373845,Hermann
686,41.4411786,-90.5766144,Rock Island
687,53.722353,-1.3512543,Castleford
688,36.3145503,-82.397086,Johnson City (Gray)
689,28.741414499999998,-81.53442940374563,Apopka
690,39.8433769,-86.3977736,Brownsburg
691,42.6444914,-91.4011118,Edgewood
692,31.2578221,-95.9785301,Centerville
693,43.6521775,-94.4610832,Fairmont
694,35.9553737,-96.0088843,Glenpool
695,42.4461322,-87.8328505,Zion
696,30.1010324,-90.9928774,Donaldsonville
697,42.4750516,-92.0632129,Jesup
698,42.2444833,-83.145757,Ecorse
699,43.0979818,-88.4026935,Nashotah
700,30.4902452,-87.30688077423139,Pensacola (Bellview)
701,32.3132159,-89.7989402,Pelahatchie
702,45.4384958,10.9924122,Verona
703,29.6185669,-95.5377215,Missouri City
704,41.6611642,-86.1807031,Mishawaka
705,29.5639758,-95.2864299,Pearland
706,34.0922335,-117.435048,Fontana
707,36.1385621,-119.509567,Waukena
708,45.7539095,7.6196791,Merlin
709,30.048469,-99.1399464,Kerrville
710,-41.2887953,174.7772114,Wellington
711,27.998541000000003,-82.27488400225634,Seffner
712,31.7716364,-94.1301652,Shelby
713,42.6563906,-93.5009286,Dows
714,44.6402434,-93.1435497,Farmington
715,38.7060457,-88.0949352,Richland
716,33.931732499999995,-84.3624468155225,Atlanta (Sandy Springs)
717,33.4918203,-80.8556476,Orangeburg
718,37.7249296,-122.1560768,San Leandro
719,45.4997475,-122.4309766,Gresham
720,41.6333678,-87.6331021,Riverdale
721,28.3553873,-80.7318827,Cocoa
722,36.9479966,-81.0869747,Wytheville
723,50.000678,-86.000977,Ontario
724,36.3302284,-119.292058,Visalia
725,32.2666506,-97.1785429,Grandview
726,26.1670593,-80.1192589,Fort Lauderdale (Oakland Park)
727,37.0167898,-119.4004271,Tollhouse
728,35.7454291,-81.6870837,Morganton
729,59.938732,30.316229,Petersburg
730,37.2708788,-76.7074042,Williamsburg
731,33.6523712,-81.3612142,Wagener
732,38.43111865,-81.47562688489583,Elkview
733,43.7677968,-94.0196815,Delavan
734,33.8595492,-84.683824,Powder Springs
735,29.7911185,-95.50315788109191,Spring Valley
736,35.3777238,-119.14565861581144,Rosedale
737,35.3636563,-101.3353895,Carson
738,33.4255117,-111.9400164,Tempe
739,33.3806716,-84.7996573,Newnan
740,38.4192496,-82.445154,Huntington
741,46.601557,-120.510842,Yakima
742,40.1042402,-79.7505974,Whitsett
743,38.919049,-90.139517,Mission (Alton)
744,30.7626867,-96.9981706,Milam
745,36.539913999999996,-119.8450189373611,Caruthers
746,39.4667025,-87.4139119,Terre Haute
747,40.6840538,-73.4008102,Copiague
748,33.9004572,-98.5020777,Wichita Falls
749,26.1871857,-80.19638459058898,Fort Lauderdale (Tamarac)
750,38.560595,-86.9483205,Alfordsville
751,35.1414606,-85.1746774,Hixson
752,40.9646867,-75.9852789,Hazleton
753,31.7550511,-106.4882345,El Paso
754,34.6812012,-87.4061342,Town Creek
755,33.9566391,-83.9890066,Lawrenceville
756,38.9305223,-76.8958185,Hyattsville (Landover)
757,42.4792618,-71.1522766,Woburn
758,47.0639275,-109.428213,Lewistown
759,29.8992635,-89.89338721140962,Violet
760,40.7048242,-73.6501295,West Hempstead
761,35.7065004,-81.2184383,Conover
762,34.0133561,-117.690075,Chino
763,40.5543106,-123.1830839,Hayfork
764,41.8239891,-71.4128343,Providence
765,35.209129,-118.828431,Arvin
766,-35.07568045,141.61580357040148,Salt Lake City (Murray)
767,34.0280619,-117.953097,La Puente
768,48.4086571,7.2386756,Belmont
769,52.4182634,-115.5581743,Trout Creek
770,40.749517,-73.485536,Bethpage
771,39.3881556,-77.8855516,Kearneysville
772,29.9110378,-91.6634484,Jeanerette
773,37.8298155,-82.8421066,Staffordsville
774,23.6585116,-102.0077097,Mexico
775,38.6022454,-77.3408453,Dumfries (Montclair)
776,30.0056275,-97.1559077,Smithville
777,48.2765903,-116.553247,Sandpoint
778,29.5957696,-90.7195348,Houma
779,30.7485258,-94.000884,Jasper
780,52.1678912,0.3791921,Brinkley
781,37.8845813,-4.7760138,Cordova
782,38.7164771,-75.0835107,Rehoboth Beach
783,33.0195772,-94.1990757,Bivins
784,40.1745538,-74.9226665,Langhorne
785,41.5931049,-81.5267873,Euclid
786,40.1734049,-79.8575467,Donora
787,33.0136764,-96.6925096,Plano
788,39.1100763,-80.4065446,Jane Lew
789,28.6714702,-81.3382005,Casselberry
790,33.2467807,-84.2640904,Griffin
791,42.4683698,-82.9554746,Eastpointe
792,34.0550328,-117.1827445,Redlands
793,34.1976308,-119.1803818,Oxnard
794,43.1433382,-91.9326637,Fort Atkinson
795,29.8202205,-94.3840777,Winnie
796,42.4422099,-87.8047847,Zion (Beach Park)
797,35.1740471,-79.3922539,Southern Pines
798,36.550238,-82.5594293,Kingsport
799,38.6833847,-90.3076143,Saint Louis (Pagedale)
800,27.4093624,-82.3580437,Littleton (Lakewood)
801,36.4412509,-76.6944133,Gates
802,41.4730948,-87.0611412,Valparaiso
803,29.286868,-98.6482144,Von Ormy
804,33.4942189,-111.9260184,Scottsdale
805,-6.8699697,-75.0458515,Peru
806,38.9392997,-76.9337983,Bladensburg
807,46.0612076,-64.8033246,Riverview
808,40.2205944,-74.7597219,Trenton
809,41.24832285,-74.62453950487713,Sussex (Wantage)
810,30.0156248,-90.0518356,New Orleans (Gentilly)
811,57.4891455,-4.1348941,Culloden
812,46.8701049,-113.995267,Missoula
813,43.397,2.23205,Lacombe
814,38.5857427,-90.1449198,East Saint Louis (Sauget)
815,41.0534302,-73.5387341,Stamford
816,36.3401384,-80.4742242,Pilot Mountain
817,42.5083272,-89.031784,Beloit
818,50.4855665,7.2293555,Waldorf
819,35.2626635,-77.5816353,Kinston
820,26.339806,-81.7786972,Bonita Springs
821,38.661953,-90.5643258,Chesterfield
822,46.1421249,-122.905299,Kelso
823,-20.397,115.5584,Hurricane
824,42.1633443,-123.6479309,Cave Junction
825,48.8759778,2.3444894,Cadet
826,31.0297095,-96.1169986,Normangee
827,42.325578,-87.8411818,North Chicago
828,33.617235,-86.685371,Birmingham (Center Point)
829,39.8337,-84.1622,Dayton (Huber Heights)
830,39.056191,-84.569164,Ft Mitchell (Crescent Springs)
831,43.2970674,-91.9883357,Ridgeway
832,33.4494147,-92.16876,Bradley
833,40.0847055,-104.813027,Fort Lupton
834,33.8825705,-118.1167679,Bellflower
835,32.9138914,-80.0088359,Hanahan
836,31.4486118,-102.5163544,Crane
837,7.2274745,-8.9838128,Mc Bain
838,33.8454176,-81.6617723,Ridge Spring
839,33.9528472,-84.5496148,Marietta
840,33.9761238,-117.905339,Rowland Heights
841,36.098007,-119.5604015,Corcoran
842,32.8550965,-90.4056469,Yazoo City
843,37.132893,-81.5270544,North Tazewell
844,40.5130953,-74.8591333,Flemington
845,30.853241,-88.0561106,Satsuma
846,30.2094574,-95.7508098,Magnolia
847,29.7355047,-94.9774274,Baytown
848,52.241001350000005,1.0466830312565236,Suffolk
849,37.6688205,-122.080796,Hayward
850,44.3213695,-88.9337226,Weyauwega
851,31.4173935,-89.5422909,Sumrall
852,36.3937519,-78.9827881,Roxboro
853,42.1294712,-80.0852695,Erie
854,32.7666103,-96.599472,Mesquite
855,41.7042978,-111.7451159,Cache
856,36.6744117,-121.655037,Salinas
857,40.9908706,-78.4457422,Clearfield
858,47.5328719,-92.6226926,Mountain Iron
859,25.9023168,-80.2503271,Opa Locka
860,40.476112,-80.05176133472763,Mc Kees Rocks (Mckees Rocks)
861,41.2951563,-83.1555438,Sandusky
862,35.44925,-89.8150833,Munford
863,36.697976499999996,-79.94492174966402,Fieldale
864,30.7387998,-88.0788889,Prichard
865,35.8460396,-86.3921096,Murfreesboro
866,33.9694561,-118.1503953,Bell Gardens
867,43.352487,-97.437286,Freeman
868,55.670249,10.3333283,Denmark
869,33.3703197,-112.583776,Buckeye
870,40.8974812,-93.7349566,Weldon
871,40.4416941,-79.9900861,Pittsburgh
872,38.0686668,-78.8893999,Waynesboro
873,45.2613104,9.491678060021837,Lodi
874,40.75839,-82.5154471,Mansfield
875,44.0505054,-123.0950506,Eugene
876,51.5588077,-9.1399099,Union Hall
877,35.418306,-119.43018293665756,Buttonwillow
878,32.3293111,-96.6252679,Ennis
879,39.41484355,-76.79182399596584,Owings Mills
880,39.799232,-75.06416988211788,Blackwood
881,47.2455013,-122.438329,Tacoma
882,35.1509249,-93.8068652,Magazine
883,37.1641544,-120.7678602,Merced
884,36.5277607,-87.3588703,Clarksville
885,29.3565001,-98.8788844,Castroville
886,52.0941323,1.3199383,Woodbridge
887,38.6920451,-75.4013315,Delaware
888,53.3498006,-6.2602964,Dublin
889,34.2625025,-118.427027,Pacoima
890,33.4489971,-86.9216588,Birmingham (Midfield)
891,35.140311,-79.15414649804102,Fort Bragg
892,42.6606177,-78.0855638,Silver Springs
893,-37.8142176,144.9631608,Melbourne
894,38.784824900000004,-76.9694015528087,Oxon Hill
895,44.4870161,-69.1365185,Waldo
896,39.2064933,-94.4908401,Kansas City (Claycomo)
897,-30.066694,117.6606612912291,Remlap
898,35.9018987,-92.7098744,Searcy
899,39.9547861,-82.8121191,Reynoldsburg
900,35.2626918,-116.6845835,Fort Irwin
901,40.7862124,-73.7137421,Thomaston
902,35.9556924,-80.0053176,High Point
903,35.3692877,-81.9567716,Rutherfordton
904,43.08436,-79.0614686,Niagara Falls
905,38.2973519,-78.4400099,Stanardsville
906,33.1368252,-95.5656578,Hopkins
907,33.8963593,-118.3053037,Gardena
908,42.2222614,-83.3965995,Romulus
909,42.2681569,-83.7312291,Ann Arbor
910,33.6456586,-96.0194177,Pettigrew
911,46.500283,-66.750183,New Brunswick
912,47.88338804999999,-55.76861996265019,Morrisville
913,41.803668,-80.056444,Cambridge Springs
914,27.5960827,-81.5060858,Avon Park
915,32.7734728,-92.4056986,Farmerville
916,36.7620301,-83.6949176,Pineville
917,38.6653297,-90.3759499,Saint Louis (Olivette)
918,-42.8825088,147.3281233,Hobart
919,30.9732384,-87.2638628,Century
920,29.9942265,-90.2417806,Kenner
921,35.2387504,-81.0750757,Cramerton
922,61.5995703,-149.11109,Palmer
923,44.950321900000006,-93.25249625000001,Minneapolis (Bloomington)
924,27.82826,-82.37187856336033,Gibsonton
925,28.818746750000003,-81.64585723799206,Mount Dora
926,47.6038321,-122.330062,Seattle
927,30.7313599,-90.5088419,Amite (Amite City)
928,32.944012,-85.9538532,Alexander City
929,38.9073846,-101.7565099,Wallace
930,41.5595723,-98.9805484,Valley
931,34.3387802,-78.7030721,Whiteville
932,38.6840715,-121.21839903078865,Orangevale
933,33.5559483,-116.6745701,Anza
934,36.3967623,-97.8791341,Enid
935,27.3497671,-82.161478,Myakka City
936,36.8252277,-119.7029194,Clovis
937,29.6487882,-81.6372111,Palatka
938,35.3414745,-89.8973084,Millington
939,38.6297413,-77.3171763842517,Woodbridge (Dale City)
940,32.4490141,-81.7832912,Statesboro
941,57.1482429,-2.0928095,Aberdeen
942,35.2723358,-82.7062357,Pisgah Forest
943,36.9092773,-121.7529071,Watsonville
944,43.9649659,-66.05209,Brenton
945,45.8260909,-77.113541,Pembroke
946,33.2641009,-81.4190808,Barnwell
947,38.1040864,-122.2566367,Vallejo
948,32.6781085,-117.0991967,National City
949,42.2966861,-89.6212271,Freeport
950,29.0427592,-81.9292505,Ocklawaha
951,29.469414,-95.014124,Dickinson (San Leon)
952,38.5492801,-75.2457443,Dagsboro
953,44.5645659,-123.2620435,Corvallis
954,32.8234621,-97.1705678,Hurst
955,43.7128967,-87.9370433,Sheboygan
956,38.788449,-77.23282113888888,Springfield (West Springfield)
957,42.5746013,-83.2802311,Bloomfield Township
958,30.3674198,-89.0928155,Gulfport
959,40.2414952,-75.2837862,Lansdale
960,30.7807244,-91.3763353,Saint Francisville
961,39.5404679,-119.7487235,Sparks
962,38.2234533,-80.0945099,Marlinton
963,41.6362152,-70.934205,New Bedford
964,48.090574,-105.640557,Wolf Point
965,42.1264859,-93.9685535,Fraser
966,6.8137426,-58.1624465,Georgetown
967,34.8142093,-106.7613067,Los Lunas
968,31.0237921,-87.4938708,Atmore
969,33.3926893,-95.6749486,Delta
970,45.423856,-88.09539,Athelstane
971,45.3099218,-122.76816,Wilsonville
972,32.3528055,-90.8777342,Vicksburg
973,29.9691116,-95.6971686,Cypress
974,32.0723862,-84.2326876,Americus
975,34.6583032,-90.818564,Mc Kee
976,38.1839705,-83.4326841,Morehead
977,36.8524545,-121.4016021,Hollister
978,46.652182,-96.41979,Barnesville
979,36.1910021,-105.6707221,Vadito
980,52.6421055,-2.6353218,Severn
981,42.2410562,-83.613055,Ypsilanti
982,36.084409,-106.05813552130326,Alcalde
983,42.8225596,-78.5844695,Aurora (Centennial)
984,42.3775361,-96.0607187,Woodbury
985,42.6999921,-91.0742964,Millville
986,33.6076186,-88.6503255,West Point
987,47.40033525,-122.29682293234669,Seattle (Des Moines)
988,30.547295,-88.18020367595204,Theodore
989,32.144316,-85.7149495,Union Springs
990,37.8192526,-83.8239902,Powell
991,-17.020269550000002,-66.27054519162304,Represa
992,35.4726626,-77.4155203,Ayden
993,42.0884,-78.153343,Richburg
994,32.4084539,-91.1869112,Tallulah
995,37.9716898,-100.8726618,Garden City
996,30.1990738,-102.0974881,Terrell
997,34.8282235,-78.0230417,Rose Hill
998,41.7075394,-86.8950297,Michigan City
999,47.6777173,-94.9071786,Puposky
1000,42.3222599,-83.1763145,Dearborn
1001,37.8092463,-85.4669015,Bardstown
1002,38.8849913,-76.9134765,Capitol Heights
1003,27.7677894,-80.6013691,Fellsmere
1004,35.8831786,-80.081817,Thomasville
1005,41.4153313,-81.565956,Maple Heights
1006,33.8553915,-89.3114613,Calhoun City
1007,36.6248089,-121.1177379,San Benito
1008,37.316934,-90.02781236389168,Glen Allen
1009,49.3780921,2.4141907,Clermont
1010,37.4781901,-79.7514284,Lithia
1011,43.1329504,-115.691197,Mountain Home
1012,29.8826436,-97.9405828,San Marcos
1013,47.379398,-94.60415,Cass Lake
1014,32.2627416,-107.7581979,Deming
1015,40.6102386,-80.267726,Aliquippa
1016,26.318342,-80.0996306,Deerfield Beach
1017,40.6639916,-74.2107006,Elizabeth
1018,34.383409,-103.0380016,Farwell
1019,33.6492731,-87.0686089,West Jefferson
1020,42.321246,-88.8235511,Boone
1021,34.9248667,-81.0250784,Rock Hill
1022,40.8077797,-84.0572225,Allen
1023,51.77046785,0.46466977412300386,Essex
1024,40.0149856,-105.270545,Boulder
1025,34.0659329,-84.6768796,Acworth
1026,42.0447388,-87.6930459,Evanston
1027,45.060735,7.923549,Piedmont
1028,41.6721976,-94.4985983,Guthrie
1029,33.8956647,-94.8263281,Idabel
1030,34.1209292,-93.053784,Arkadelphia
1031,42.9105722,-87.8606367,South Milwaukee
1032,37.41817,-81.4873265,Vivian
1033,26.973524,-80.131002,Loxahatchee
1034,41.3082138,-72.9250518,New Haven
1035,28.6644827,-82.1117399,Bushnell
1036,40.3478472,-79.864215,Mckeesport
1037,40.1936892,-85.3865271,Muncie
1038,33.1216751,-117.0814849,Escondido
1039,30.7910204,-89.8486858,Bogalusa
1040,36.5963395,-119.450402,Reedley
1041,34.1338751,-117.9056046,Azusa
1042,38.775007,-95.1863603,Baldwin City
1043,33.5204959,-84.3591713,Clayton
1044,40.4574358,-82.7771661,Morrow
1045,37.5737487,-85.740353,Hodgenville
1046,37.2555718,-77.4112016,Colonial Heights
1047,40.1484053,-79.8878254,Monessen
1048,35.0081474,-90.7898342,Forrest City
1049,32.7459645,-96.9977846,Grand Prairie
1050,28.185916,-82.1490420695828,Crystal Springs
1051,30.9038252,-84.5754768,Bainbridge
1052,40.1045549,-74.951279,Bensalem
1053,34.6565154,-81.9650977,Enoree
1054,47.9793437,-122.2127011,Everett
1055,31.9795943,-87.5880561,Pine Hill
1056,36.7183708,-76.2466798,Chesapeake
1057,37.3043154,-77.2872001,Hopewell
1058,45.51552355,-122.7057111913291,Washington Park
1059,45.041514649999996,-93.28331475373835,Minneapolis (Brooklyn Park)
1060,30.7015741,-91.4362242,New Roads
1061,29.5427297,-95.0204837,Kemah
1062,33.8901036,-84.1429719,Lilburn
1063,43.1608097,16.6931431,Elsa
1064,32.8620726,-80.677114,Colleton (county)
1065,36.3936587,-86.3080463,Castalian Springs
1066,-36.5986096,144.6780052,Victoria
1067,38.7071247,-121.2810611,Citrus Heights
1068,29.4436555,-97.5108636,Gonzales
1069,29.3666393,-82.1973184,Reddick
1070,38.83897605,-76.96228262254795,Temple Hills (Hillcrest Heights)
1071,33.2786225,-85.113782,Heard (county)
1072,26.1275862,-80.2331036,Plantation
1073,39.9295194,-75.2690443,Lansdowne (Yeadon)
1074,41.6279881,-87.6674744,Harvey (Dixmoor)
1075,36.8529841,-75.9774183,Virginia Beach
1076,42.2470149,-77.6938807,Hartsville
1077,30.5955289,-96.3071042,College Station
1078,29.5688411,-97.9647269,Seguin
1079,36.0525993,-95.7908195,Broken Arrow
1080,39.0520902,-88.6029006,Effingham
1081,38.744707,-90.3038975,Saint Louis (Ferguson)
1082,32.8392013,-86.6309229,Clanton
1083,30.4380832,-84.2809332,Tallahassee
1084,49.9358323,-113.770897,Willow Creek
1085,32.149092,-81.1631681,Port Wentworth
1086,50.9925478,-4.4821686,Hartland
1087,39.6651122,-75.6599297,Christiana
1088,40.2452976,-75.6496424,Pottstown
1089,55.9495699,-3.1914536,Old Town
1090,39.017316,-94.282265,Blue Springs
1091,39.2127031,-78.279166,Frederick
1092,46.2087066,-119.119919,Kennewick
1093,42.0953049,-87.9375694,Prospect Heights
1094,42.4969652,-82.8890965,Saint Clair Shores
1095,34.5636358,-111.854317,Camp Verde
1096,42.1316746,-77.1411609,Erwin
1097,32.0810721,-81.1883201,Savannah (Garden City)
1098,31.0834452,-95.1219348,Trinity
1099,28.683293,-80.84574020791968,Mims
1100,41.5997498,-90.9107038,Durant
1101,34.0395459,-100.7744062,Motley
1102,37.2527964,-121.0099391,Gustine (Santa Nella)
1103,35.978775,-119.29479637596647,Pixley
1104,40.767323,-74.2048677,East Orange
1105,34.6173803,-79.6847814,Bennettsville
1106,39.908732,-104.9957533,Denver (Northglenn)
1107,40.9379727,-79.2192697,Mc Gregor
1108,37.1000973,-84.1148273,Laurel
1109,40.6022059,-75.4712794,Allentown
1110,34.3334398,-80.5669895,Kershaw
1111,32.9961038,-80.0387292,Goose Creek
1112,42.0289319,-87.8122348,Niles
1113,32.7589648,-97.7970748,Weatherford
1114,43.0345076,-77.1574773,Port Gibson
1115,30.8327022,-83.2784851,Valdosta
1116,36.0959715,-79.2669619,Mebane
1117,32.65232605,-85.45560549441299,Opelika
1118,40.6149174,-111.9106607,Midvale
1119,41.3673191,-82.1073583,Elyria
1120,52.381280950000004,-1.5412092466590628,Hollywood (West Park)
1121,33.7746292,-117.9463717,Garden Grove
1122,41.767249,-73.2543049,Litchfield
1123,39.727888,-75.9224428,Elk Mills
1124,42.735863,-83.4188304,Clarkston
1125,39.3328346,-76.7594551,Windsor Mill
1126,40.3814581,-79.8597708,Duquesne
1127,30.2043259,-92.0298813,Lafayette
1128,53.7974185,-1.5437941,Leeds
1129,48.2931559,-122.643224,Oak Harbor
1130,34.1010753,-118.3415105,Los Angeles (Hollywood)
1131,33.1626194,-96.9375051,Little Elm
1132,41.018139,-75.9949252,Drums
1133,32.5066112,-93.65149358770904,Bossier City
1134,35.359542,-83.8337785,Graham
1135,33.7558824,-84.1655302,Redan
1136,40.972415,-117.7347619,Winnemucca
1137,40.1672117,-105.1019287,Longmont
1138,32.5537585,-83.8874084,Fort Valley
1139,41.5750369,-87.2389246,Lake Station
1140,33.9316066,-117.9454867,La Habra
1141,38.4391517,-89.1627456,Irvington
1142,30.5254692,-89.6795084,Picayune
1143,31.2135511,-82.3540178,Waycross
1144,33.38244155,-111.95574842493764,Tempe (Guadalupe)
1145,30.5083577,-95.1902362,San Jacinto
1146,35.2521996,-92.6888936,Conway
1147,42.7260523,-87.7825242,Racine
1148,37.7712067,-82.7579371,Van Lear
1149,39.7173375,-74.9693329,Sicklerville
1150,37.5816182,-106.1496731,Monte Vista
1151,36.105534500000005,-77.71278149494381,Whitakers
1152,33.4598415,-94.4154787,New Boston
1153,29.4119166,-82.1098156,Citra
1154,44.0745646,-66.1151,Mayflower
1155,31.3151708,-85.8552161,Enterprise
1156,29.780084,-95.1675499,Houston (Cloverleaf)
1157,40.385549,-105.04436132094955,Loveland
1158,54.63533405,-7.261148467859144,Tyrone
1159,36.624394,-119.31373,Orange Cove
1160,64.837845,-147.716675,Fairbanks
1161,37.420948,-81.4401034,Northfork
1162,34.02332,-84.360022,Roswell
1163,33.7955237,-97.1438728,Thackerville
1164,33.857328,-84.0199108,Snellville
1165,28.1067315,-81.6287423,Haines City
1166,33.6794956,-116.17628,Coachella
1167,34.0514898,-84.0712997,Suwanee
1168,42.03726,-88.2810994,Elgin
1169,53.1908873,-2.8908955,Chester
1170,41.4400344,-87.683377,University Park
1171,47.8278656,-122.3053932,Lynnwood
1172,50.8214626,-0.1400561,Brighton
1173,33.7514966,-84.7477136,Douglasville
1174,44.311461,-96.79844,Brookings
1175,40.125222,-87.6304614,Danville
1176,42.3192548,-85.1824269,Battle Creek
1177,44.3169175,-84.77587891876972,Houghton Lake
1178,34.9553719,-90.0348139,Horn Lake
1179,43.8065466,-118.3774232,Drewsey
1180,30.4393696,-97.6200043,Pflugerville
1181,40.2502582,-103.799951,Fort Morgan
1182,35.083975,-92.2079277,Vilonia
1183,32.8998822,-105.9602081,Alamogordo
1184,37.3420146,-77.9809885,Amelia Court House
1185,39.9284459,-75.2737955,Upper Darby
1186,36.6116174,-119.527073,Parlier
1187,27.9184543,-82.3488057,Hillsborough
1188,42.2625621,-71.8018877,Worcester
1189,38.3558615,-104.7112109849374,Pueblo (Pueblo West)
1190,38.4089431,-90.570125,House Springs
1191,38.7706371,-82.1987576,Gallipolis Ferry
1192,38.0618041,-78.699186,Parkview
1193,29.5633199,-95.019723,Seabrook
1194,33.9798472,-117.4515754,Riverside (Jurupa Valley)
1195,32.4996147,-110.926146,Catalina
1196,41.3815042,-81.73071857450245,Cleveland (Parma)
1197,33.6516643,-84.4487904,Atlanta (College Park)
1198,55.7504461,37.6174943,Moscow
1199,34.6381255,-99.3339754,Altus
1200,41.7823216,-72.6120346,East Hartford
1201,32.397118,-82.0601196,Metter
1202,37.461316999999994,-122.1307564937631,Palo Alto (East Palo Alto)
1203,36.2452294,-101.8858689,Sherman
1204,32.7425516,-117.0314172,Lemon Grove
1205,26.0031465,-80.223937,Pembroke Pines
1206,37.5131191,-77.3465081,Henrico
1207,-12.0621065,-77.0365256,Lima
1208,30.0541116,-97.3887764,Bastrop
1209,34.7698774,-80.227841,Mount Croghan
1210,36.2956836,-76.2247697,Elizabeth City
1211,32.792,-115.563051,El Centro
1212,35.3848841,-77.9927651,Goldsboro
1213,40.126139,-82.9295287,Westerville
1214,26.623679,-80.1253213,Greenacres
1215,39.1595439,-76.61515136556432,Glen Burnie
1216,31.0746347,-97.6590473,Harker Heights
1217,32.9832812,-82.8116031,Sandersville
1218,49.9172707,-108.6546946,Carmichael
1219,39.4862777,-75.0254256,Vineland
1220,43.8122836,-91.2514355,La Crosse
1221,34.3266879,-81.5830086,Newberry
1222,43.542757,-75.1481227,White Lake
1223,51.161750850000004,-3.0753867062227487,Somerset
1224,41.4791272,-87.6445104,Chicago Heights (Lynwood)
1225,35.4495097,-97.3967025,Oklahoma City (Midwest City)
1226,23.0131338,-80.8328748,Cuba
1227,33.8752945,-117.5664449,Corona
1228,38.5536601,-89.5384209,Germantown
1229,34.2011078,-118.5978087,Canoga Park
1230,44.8906694,-93.0372808,South Saint Paul
1231,38.5189937,-80.5889797,Erbacon
1232,46.0664228,11.1257601,Trent
1233,32.912624,-96.6388833,Garland
1234,41.2230048,-111.9738429,Ogden
1235,41.0359418,-80.5362257,Lowellville
1236,42.0415823,-87.8873916,Des Plaines
1237,32.665135,-114.47603157249804,Yuma
1238,33.42553265,-86.79528062807375,Birmingham (Vestavia Hills)
1239,29.4657731,-81.2576832,Bunnell
1240,33.6670616,-93.5915665,Hope
1241,40.287741,-74.93748584652778,Newtown (Upper Makefield)
1242,31.6429346,-97.9715967,Hamilton (county)
1243,46.488547,-87.667636,Ishpeming
1244,36.4040273,-79.3361314,Yanceyville
1245,32.8795266,-111.757311,Casa Grande
1246,26.640628,-81.8723084,Fort Myers
1247,39.8467414,-75.7116997,Kennett Square
1248,42.098698,-75.9125187,Binghamton
1249,-6.9215529,107.6110212,Bandon
1250,40.44334885,-79.88672598105194,Pittsburgh (Wilkinsburg)
1251,50.7255794,-3.5269497,Exeter
1252,31.1279652,-92.0662356,Marksville
1253,37.6820583,-121.768053,Livermore
1254,36.3781607,-95.6190889,Rogers
1255,35.4798757,-79.1802994,Sanford
1256,33.9204209,-118.2418543,Willowbrook
1257,35.9471931,-97.9641244,Kingfisher
1258,30.3132453,-89.3343223,Bay Saint Louis
1259,29.0552507,-82.0623105,Belleview
1260,33.4946353,-117.1473661,Temecula
1261,38.3031837,-77.4605399,Fredericksburg
1262,35.3737111,-83.2259803,Sylva
1263,46.4481521,-87.6305899,Marquette
1264,33.6130338,-112.324486,El Mirage
1265,30.1765914,-85.805386,Panama City Beach
1266,37.2698395,-81.2223195,Bluefield
1267,47.1459364,-122.43660646435322,Tacoma (Parkland)
1268,41.5235808,-90.5770967,Davenport
1269,41.571713,-87.6945746,Hazel Crest
1270,39.81912,-75.408524,Marcus Hook (Trainer)
1271,40.6916081,-75.2099866,Easton
1272,37.0372999,-95.6163634,Coffeyville
1273,35.284733,-81.283906,Bessemer City
1274,42.851748650000005,-85.61931471229622,Grand Rapids (Kentwood)
1275,32.789746,-97.321818,Fort Worth (Watauga)
1276,36.06523,-119.0167679,Porterville
1277,39.4233043,-84.5936897,Butler
1278,40.22650935,-104.98491328197139,Mead
1279,39.0598412,-77.0671834,Silver Spring (Wheaton)
1280,33.3618814,-112.1533861,Laveen
1281,33.8389977,-83.9007382,Loganville
1282,32.4407788,-97.7926088,Granbury
1283,33.4355977,-112.349602,Avondale
1284,31.8696309,-82.5943026,Hazlehurst
1285,31.549333,-97.1466695,Waco
1286,38.81050355,-76.95000596047004,Temple Hills (Marlow Heights)
1287,42.2509914,-71.0037374,Quincy
1288,4.6125522,13.1535811,Cameron
1289,35.5285816,-78.3768021,Johnston
1290,41.0324537,-89.2998456,Marshall
1291,25.8965633,-80.3052918571416,Hialeah (Miami Lakes)
1292,27.3365805,-82.5308545,Sarasota
1293,33.924831,-118.2024154,Lynwood
1294,30.4241219,-95.4796587,Willis
1295,43.3465464,-72.9965342,Danby
1296,35.3784666,-94.3996456,Fort Smith
1297,38.9933654,-76.88333238304114,Greenbelt
1298,44.87472425,-93.31028390831297,Minneapolis (Richfield)
1299,27.6387163,-80.3975399,Vero Beach
1300,32.8204073,-85.1721628,Valley (Langdale)
1301,36.334911500000004,-86.70533913302022,Goodlettsville
1302,40.9115386,-73.7826363,New Rochelle
1303,42.3875968,-71.0994968,Somerville
1304,32.8342952,-97.2289029,North Richland Hills
1305,38.7902503,-90.7033292,O Fallon
1306,31.1871319,-94.7810412,Diboll
1307,33.5778818,-101.2855737,Crosby
1308,39.26243505,-76.48705853403081,Dundalk
1309,46.7918564,-64.06301679150738,Northport
1310,39.212436,-84.4608030070975,Cincinnati (Arlington Heights)
1311,34.5136823,-102.882997,Bovina
1312,38.6361197,-96.6752855,Wilsey
1313,29.8119769,-95.3741247,Harris (county)
1314,34.9809996,-79.2241998,Raeford
1315,43.0125142,-87.9725861,Milwaukee (West Milwaukee)
1316,33.6624824,-85.8283224,Anniston
1317,37.0841838,-94.5133385,Joplin
1318,38.1805693,-99.098713,Larned
1319,30.2840655,-91.2370772,Plaquemine
1320,39.5298185,-114.8899563,White Pine
1321,41.8425197,-89.4814291,Dixon
1322,36.1476399,-80.2415712,Forsyth
1323,39.842920500000005,-82.81594617222837,Canal Winchester
1324,33.571979,-95.0429674,Red River
1325,34.2006479,-90.5702071,Clarksdale
1326,30.4954748,-97.9233468,Jonestown
1327,47.4799078,-122.2034496,Renton
1328,41.9589158,-90.0992924,Thomson
1329,34.5827699,-117.409215,Adelanto
1330,39.8695516,-104.985181,Thornton
1331,43.7533414,-88.4493796,Fond Du Lac
1332,39.6581425,-78.928357,Frostburg
1333,37.4863239,-122.232523,Redwood City
1334,39.7284945,-121.8374777,Chico
1335,34.8177387,-90.30747360289473,Robinsonville (Tunica Resorts)
1336,30.4112904,-88.8279165,Ocean Springs
1337,27.9014133,-81.5859099,Lake Wales
1338,35.4396625,-95.9865145,Henryetta
1339,36.0404992,-115.18531983268689,Las Vegas (Enterprise)
1340,30.6743643,-96.3699632,Bryan
1341,35.01096025,-118.19028326663798,Mojave
1342,34.0026005,-85.0416133,Rockmart
1343,44.0364973,-69.9720794,Bowdoin
1344,33.242412,-82.22987809984025,Keysville
1345,32.831238,-85.7635692,Dadeville
1346,21.4454875,-158.18782389776402,Waianae
1347,34.2345615,-118.5369316,Northridge
1348,32.7867697,-79.7880359,Isle Of Palms
1349,52.2881045,8.9168852,Minden
1350,42.6741189,-82.902901,Macomb
1351,42.689151,-84.2832798,Williamston
1352,25.8575963,-80.2781057,Hialeah
1353,41.7003302,-88.0717708,Bolingbrook
1354,14.6151189,-88.80798382506958,San Pedro
1355,48.1651194,-65.8655584,New Richmond
1356,26.2378597,-80.1247667,Pompano Beach
1357,42.3472406,-89.0389956,Machesney Park
1358,50.1060835,1.8337029,Abbeville
1359,37.2689131,-99.3267808,Coldwater
1360,42.7320307,-84.4721678,East Lansing
1361,41.4899827,-71.3137707,Newport
1362,39.0288809,-104.4830238,Peyton
1363,36.1995269,-83.7418507,Luttrell
1364,32.2690953,-102.6042447,Andrews
1365,34.0696501,-118.3963062,Beverly Hills
1366,34.815158,-79.1837649,Red Springs
1367,52.3472138,-114.1766304,Half Moon Bay
1368,34.051522,-118.129807,Monterey Park
1369,38.7469948,-90.2401117,Saint Louis (Moline Acres)
1370,37.7023903,-113.08490952670252,Cedar City (Enoch)
1371,55.069836,-3.6092292,Dumfries
